protein,start,end,sequence
Cdc7,457,480,DLRKLCERLRGMDS+++++++*++
Cdc7,538,564,VPDEAYDLLDKLLDLNP++++**++++
CPEB4,379,410,RTFDMHSLESSLIDIM.......*...*....
CPEB4,382,409,DMHSLESSLIDIMR....*...*.....
FMRP,420,443,HLNYLKEVDQLRLER++++*+*++
FMRP,426,453,EVDQLRLERLQIDE++++*+*++*+*++
HDAC5,1081,1112,EEAETVSAMALLSVGA.....*....**....
HIV-REV,74,96,QLPPLERLTLDC++++**+*+*+
HPV16 E7,75,100,DIRTLEDLLMGTLGIVC*  *  * *
HPV16 E7,78,97,TLEDLLMGTLGIVC*  * *
hRio2,389,420,RSFEMTEFNQALEEIK+++++++++++*++*+
hRio2,392,419,EMTEFNQALEEIKG++++++++*++*++
MAPKK1/MEK1; map2k1,29,57,NLEALQKKLEELELDE+*+++*++*+*++
mDia2,1157,1183,SVPEVEALLARLRA++++++++++*++
mDia2,1160,1185,EVEALLARLRALXX++++++++*+++
NPM mutants,283,309,AIQDLCMAVEEVSLRK+++*+*++*++
NS2-P (MVM),78,112,TVDEMTKKFGTLTIHD&nbsp..*+++**+***..
p73; TP73,367,398,ILMKLKESLELMELVP++++++++*+*+++++
PKIα,34,63,NSNELALKLAGLDINK++*+++*++*+*++
PKIα,36,63,NELALKLAGLDINK++*+++*++*+*++
Smad4,137,160,VSPGIDLSGLTLQS++++++*+*+
SNUPN,1,32,XMEELSQALASSFSVSQ+***+++*++*++++
STRADα,16,34,SEKFIVEGLRDLELFG* *
STRADα,413,432,GIFGLVTNLEELEVDD*  *
X11L2,56,91,SLQELVQQFEALPGDLVG++++**++++++++++++
X11L2,56,83,SLQELVQQFEALPG++++**++++++++
4E-T,434,465,SVEEVEAGLKGLKVDQ....*...*..*.*..
4E-T,609,640,PMSPITAQMSQLELQQ....*...*..*.*..
4E-T,618,651,SQLELQQAALEGLALPH..*.*....*..*.*..
Abl1,1079,1110,AINKLESNLRELQICP++++++++++++++++
ACD,267,295,HQGALVCLAESCLTLEG++++++++++++
ACT1,158,177,GVTHVVPIYAGFSLPH++++
ACT1,167,194,AGFSLPHAILRIDLAG++++++++++++
ACT1,208,235,IVRDIKEKLCYVALDF++++++++++++
Actinin-4,131,154,AEEIVDGNAKMTLGMIW+++++++
Actinin-4,142,167,TLGMIWTIILRFAIQD++++++++++
Adar,124,149,GADGLCSHFRELSISQ++++++++++
AhR,56,87,FPQDVINKLDKLSVLR++++++++++++++*+
AhR,63,89,KLDKLSVLRLSVSY+++++++*+*+++
AhR,66,89,KLSVLRLSVSYLRA++++*+*+++
AID,185,210,DLEDLRDALKLLGFXX++++++++++
AID; AICDA,185,211,EVDDLRDAFRTLGLXX+*+++*++*+*
Akt1,271,297,VYRDLKLENLMLDK+++++*++*+*++
AMPKα2,528,558,ASPRLGSHTMDFFEMCA++++++++++++++
AMPKα2,535,566,HTMDFFEMCASLITAL+++++++++++*+++*
An3,8,26,NVLNLDQQFAGLDLNS* *
ANCO-1; ANKRD11,2411,2442,IQQTLAAIVDAIKLDA++++*++**++*+*++
ANKRD54,279,305,EVTDLLASFTSLSLQM+++++++++++
ANXA2,1,31,XMSTVHEILCKLSLEG+++++++++++++++
APC Protein,64,89,GQIDLLERLKELNLDS+++++++*+*
APC Protein,1649,1668,INFSTATSLSDLTIES*  *
APOBEC1,169,196,RYPHLWVRLYVLELYC*+++*++*+*++
APOBEC1,171,196,PHLWVRLYVLELYC*+++*++*+*++
APOBEC1,175,206,VRLYVLELYCIILGLP++*++*+*++++++++
APOBEC1,176,203,RLYVLELYCIILGL+*++*+*+++++++
APOBEC1,178,209,YVLELYCIILGLPPCL++*+*+++++++++++
APOBEC1,178,213,YVLELYCIILGLPPCLNI++*+*+++++++++++++
APOBEC1,178,205,YVLELYCIILGLPP++*+*+++++++++
APOBEC1,185,210,IILGLPPCLNILRR++++++++++++
ATF-2,386,405,DLSSLNGQLQSEVTLLR+++
ATF-2,397,421,EVTLLRNEVAQLKQ+++++*++*++
Aven,278,301,AGDHLEEELDLLLNLDA* *** *
Beclin 1,176,195,DSEQLQMELKELALEE*  *
Beclin 1,178,195,EQLQMELKELALEE*  *
Beta-tubulin,38,61,GDSDLQLERINVYY++++++++++
BICP27; bie27,298,324,SLEELCAARRLSLAT*++*+++++*+*
Birc5,85,110,AFLTVKKQMEELTVSE++++++++++
BIRC5,85,110,AFLSVKKQFEELTLGE++++++++++
Bok,62,81,RLAEVCAVLLRLGD+*+*++
Bok,65,90,EVCAVLLRLGDELEMIR+*+*+++++
Bok,69,91,VLLRLGDELEMIRP+*+*+++++
Bok,69,95,VLLRLGDELEMIRPSVYR+*+*+++++
BPV-E1,405,431,QNIELITFINALKLWL+++++*++*++
BPV-E1,405,431,QNIELITFINALKLWL+++++*++*++
BRCA1,24,46,CPICLELIKEPVSTKC+++++++
BRCA1,75,102,ESTRFSQLVEELLKIIC+++++*+++*+
BRCA1,82,113,LVEELLKIICAFQLDT++++*+++*++*+*++
BRCA2,1376,1400,GNTQIKEDLSDLTFLE+*++*++++
BRO-a,89,109,TVLITKEGVIQLIMKS*+*++
BRO-a,98,127,IQLIMKSKLPYAVELQA*+*+++*++++++
C,72,101,AVRDLERAMTTLKLWE++++++++++++++
CaMKIα,308,326,NATAVVRHMRKLQLGT* *
Cdc14A,351,376,SINKILSGLDDMSIGG**++*++*+*
CDC14B,389,414,AFSKLLSGVDDISING++++++++++
Cdc25,43,70,PEQPLTPVTDLAVGFSN++++++*+*+*
Cdc25,49,71,PVTDLAVGFSNLST++++*+*+*
Cdc25,338,360,LKKTLSLCDVDIST++*++*+*+
Cdc6,309,330,SHLVLIGIANTLDLTD+*+*++
CFL1,7,32,VSDGVIKVFNDMKVRK++++++++++
Chp,134,159,ELLQVLRMMVGVNISD++++++++++
Chp,172,197,SFTEFVKVLEKVDVEQ++++++++++
CHP1,134,159,ELLQVLRMMVGVNISD**+++*+*+*
CHP1,172,197,SFTEFVKVLEKVDVEQ+++**++*+*
ChREBP,1,25,XMARALADLSVNLQVPR*      *
ChREBP,82,105,IDPTLTRLFECLSLAY*      *
cIAP1,246,277,NCPFLENSLETLRFSI+++++++++++*+++*
cIAP1,253,283,SLETLRFSISNLSMQT++++*+++*++*+++
COMMD1,134,161,HSAQIHTPVAIIELEL+++++++*+*+*
COMMD1,138,165,IHTPVAIIELELGK+++++++*+*+*++
COMMD1,155,176,ESEFLCLEFDEVKVNQ++++++
COMMD1,157,176,EFLCLEFDEVKVNQ++++++
COMMD1,167,194,KVNQILKTLSEVEE+++++*++*++*++
COP1; Rfwd2,231,258,DQDNLDLANVNLML......+++++++*
COP1; Rfwd2,233,264,DNLDLANVNLMLELLV....+++++++*+*+.
COP1; Rfwd2,236,263,DLANVNLMLELLVQ.+++++++*+*+..
CPEB1,85,104,SSRGLPDANDLCLGL++++*
CPEB1,91,116,DANDLCLGLQSLSLTG++++*++*+*
CPEB1,93,116,NDLCLGLQSLSLTG++++*++*+*
CPEB1,194,219,GSDHLSDLISSLRISP++++*++*+*
CPEB3,343,363,DTFNLHSLENSLMDMI*+++*
CPEB3,346,364,NLHSLENSLMDMIR*+++*
Crk,252,272,DKTALALEVGELVKVTK** *
Crk,260,277,VGELVKVTKINVSG** *
CTNND1,833,862,GQESLEEELDVLVLDD++++++++++++++
Cyclin B1; ccnb1,104,135,LPDELCQAFSDVLIHV........*.......
Cyclin B1; CCNB1,138,166,AEEDLCQAFSDVILAV+++++*++*+*+*
Cyclin B1; CCNB1,145,167,AFSDVILAVNDVDA+*++*+*+*
Cyclin D1,282,303,DLACTPTDVRDVDIXX*  * *
Dab1,146,171,AAEPVILDLRDLFQLIY+++++++++
Dab1,150,172,VILDLRDLFQLIYE+++++++++
Dab1,150,174,VILDLRDLFQLIYELK+++++++++
Dab1,458,479,DCDDFDISQLNLTP++++++++
DAB1,146,171,AAEPVILDLRDLFQLIY* *   * *
DAB1,150,172,VILDLRDLFQLIYE* *   * *
DAB1,150,174,VILDLRDLFQLIYELK* *   * *
DAB1,458,479,DCDDFDISQLNLTP* *  * *
DEAF1,452,482,SWLYLEEMVNSLLNTA+++++++++++++++
DEAF1,459,486,MVNSLLNTAQQLKT++++++++++++++
DEAF1,462,489,SLLNTAQQLKTLFE++++++++++++++
Dengue Virus NS5,330,361,KPWDVVPMVTQMAMTD....**..*.......
Dengue Virus NS5,334,357,VVPMVTQMAMTD**..*.......
DGKζ,357,381,TVGWILSTLDQLRLKP*++*++*+*
DOK7,227,247,VEERVAQEALETLQLEK++++
DOK7,228,247,EERVAQEALETLQLEK++++
DOK7,234,259,EALETLQLEKRLSLLS++++++++++
Dpr1,128,148,QLQELDKQISDLRLDV*   *
Dsk1,305,333,RFPSLEGAVSEISLRD+++++++++++++
Dysbindin,229,246,SSMEVNVDMLEQMDLMD*
Dysbindin,233,252,VNVDMLEQMDLMDISD*  *
E1B-55K,79,102,QVAELYPELRRILT*+++*+++*+
E1B-55K,79,106,QVAELYPELRRILTITE*+++*+++*++
E2F-4,57,78,RIYDITNVLEGIGLIE+++*+*
E2F-4,96,118,KLIELKAEIEELQQ**      *
E4-34kD,82,105,DMVLTREELVILRK+++++++*+*
Early E1A 32 kDa protein,70,97,VMLAVQEGIDLLTFPP++++*+++*+++
EDS1,526,542,LGLQLEEIQETLKNSG*
ESE-1; ELF3,98,125,DGATLCNCALEELRLVF+++++*++*++
ESE-1; ELF3,271,296,RGTHLWEFIRDILIHP++++*++*++
ESR1,442,467,GEEFVCLKSIILLN++++++++++++
Exd,205,230,MVQIIHKKFSSIQMQL*+++*++*+*
FAK,73,93,DSHKVKHVACYGFRLSH++++
FAK,91,120,RSEEVHWLHVDMGVSS++++*++*+*++++
FAK,499,521,MELCTLGELRSFLQVRK++++++
FAK,514,541,RKYSLDLASLILYA++++*+*++*+*++
FANCA,60,79,LLLEVEGPLCKKLSLSK* *
FANCA,265,283,VTVDVLQRMLIFALDA* *
FANCA,274,292,LIFALDALAAGVQEES* *
FANCA,517,535,RLADLKVSIENMGLYE* *
FANCA,856,875,LCSCLSPGLIKKFQFLM* *
FANCA,860,878,LSPGLIKKFQFLMFRL* *
FANCA,864,880,LIKKFQFLMFRLFS* *
FANCA,1017,1035,IISRLQEMVADLELQQ* *
Fbxo7,322,343,QALNLPDVFGLVVLPL*++*+*
Fbxo7,325,341,NLPDVFGLVVLP*++*+
Fbxo7,333,357,VVLPLELKLRIFRLLD++*+*+*+*
Foxo1,364,389,NPENMENLLDNLNLLS++++++++++
Foxo1,367,390,NMENLLDNLNLLSS++++++++++
FOXO3,365,390,ELPRLTDMAGTMNLND*++*+++*+*
FOXO3,374,407,GTMNLNDGLTENLMDDL++*+*       *+++*
FOXO3,382,409,LTENLMDDLLDNITLPP*+++*+++*+*
FOXO3,383,409,TENLMDDLLDNITLPP*+++*+++*+*
Greatwall,171,185,KLTDFGLSKVTLNR*
Greatwall,178,203,SKVTLNRDINMMDILT*   *  * *
Greatwall,207,231,TPGQVLSLISSLGFNT*  *  * *
HDAC1,149,166,GFCYVNDIVLAILE*  *
HDAC1,149,172,GFCYVNDIVLAILELLK*  *  *
HDAC1,152,172,YVNDIVLAILELLK*  *  *
HDAC1,152,172,YVNDIVLAILELLK*  *  *
HDAC4,1051,1082,EEAETVTAMASLSVGV+++++*++*++*+*+*
HDAC4,1052,1085,EAETVTAMASLSVGVKP++++*++*++*+*+*++
HDM2,185,212,KSDSISLSFDESLALCV++++++++*++
hMSH4,410,430,TVNAAESKITNLIYLKH** *
hMSH4,420,443,NLIYLKHTLELVDP** *   * *
hMSH4,786,800,AFTLFATHFLELCH*
hMSH5,798,823,NCQTLVDKFMKLDLED*+++*++*+*
HPV11 E1,102,127,VESEISPRLDAIKLTT++++*++*++
hRpf1/Nedd4,293,312,VPTHLAEELNARLTIFG* *
Hsc70/Hsc54; HSPA8,384,403,KSENVQDLLLLDVTP*+*++
HsfA2/HSF30,319,341,EQPEFDVEVEDLVVKT+++++++
HsfA2/HSF30,321,341,PEFDVEVEDLVVKT+++++++
HsfA2/HSF30,337,367,WGEELQDLVDQLGFLX+++++++*+++*++*
HsfA2/HSF30,340,365,ELQDLVDQLGFLXX++++*+++*++*
Hsp105; Hsph1,603,629,LVWQLGRDLLNMYIET*+++*++*+*+
Hsp70-Ssb1p,574,603,IEAALSDALAALQIED++++++++++++++
Hst2,304,335,QLLEIVHDLENLSLDQ...........*.*..
hTERT,966,999,AGRNMRRKLFGVLRLKC........*...*.*..
Huntingtin; HTT,1,27,XMATLEKLMKAFES+++*+++*++*+*
Huntingtin; HTT,3,30,TLEKLMKAFESLKS+*+++*++*+*++*
Huntingtin; HTT,2357,2377,YITAACEMVAEMVE+++++++
Huntingtin; HTT,2364,2391,MVAEMVESLQSVLA++++++++++++++
Huntingtin; HTT,2364,2397,MVAEMVESLQSVLALGH+++++++++++++++++
Huntingtin; HTT,2385,2418,GVPAFLTPLLRNIIISL+++++++++++++++++
Huntingtin; HTT,2386,2417,VPAFLTPLLRNIIISL++++++++++++++++
Hxk2,23,49,LMQQIENFEKIFTVPT*   *  *  *
Hxk2,310,332,LGEILRLALMDMYK*  *  * *
β-Arrestin-2,384,414,DDDIVFEDFARLRLKG+++*+++*++*+*++
γ134.5 Protein (HSV-1); RL1,124,150,RPFRLPPRLALRLRVTA++++++*+*+
Id1,87,114,ILQHVIDYIRDLQLEL++++*++*+***
Id2,102,132,PLTTLNTDISILSLQA+++++++*++++*++
IκBα; NFKBIA,41,72,EYEQMVKELQEIRLEP....**..*..*.*..
IκBα; NFKBIA,261,282,PSTRIQQQLGQLTLEN*  * *
IκBα; NFKBIA,268,290,QLGQLTLENLQMLP*  * *  *
IκBε; NFKBIE,478,499,EESLVLLPFDDLKISG+++*+*
IκBε; NFKBIE,480,499,SLVLLPFDDLKISG+++*+*
λPKC; Prkci,244,270,ASSSLGLQDFDLLR......+++*+*.
IPMK,170,201,LMEEIGFLVLGMRVYH++++*++*+*++++++
IRF-3,135,166,TQEDILDELLGNMVLAP+++++++++++++++
IRF-3,136,166,QEDILDELLGNMVLAP+++++++++++++++
ITPKB,130,155,KLRILQRELQNVQVNQ++++++++++
KANK1,602,622,TGSNTEESVNDLTLLK+++++
KANK1,609,634,SVNDLTLLKTNLNLKE++++++++++
KANK1,614,636,TLLKTNLNLKEVRS+++++++++
Keap1,297,328,CKDYLVKIFEELTLHK....*..*...*.*..
KLF5,108,124,VVDQFFTDTEGIPY+++
KLF5,115,144,DTEGIPYSINMNVFLPD++++++++*+*++
KLF5,121,152,YSINMNVFLPDITHLR++++++*+*+++++++
KLF5,124,151,NMNVFLPDITHLRT+++*+*++++++++
KLF6,2,32,DVLPMCSIFQELQIVH+*++*+++*++*+*+
LANA2,547,572,EQFDMVPLVIKLRLRS*+++++++++
LANA2,551,572,MVPLVIKLRLRS*+++++++++
LCD1,662,693,DHRHLVDSLHDLTIKD........*..*....
LEI/L-DNase II,280,301,ESYTLNSDLARLGVQD*  * *
Lgals3,238,264,RMKNLREISQLGISG++++++++++++
Liar,278,296,EVTDLLASFTSLSLQM* *
LPP,120,134,EIDSLTSILADLEC*
Ltv1,172,199,VLEALEDEAYVVND++++++++++++++
LZTS2,627,654,RNRQLEQELQQLSLEL+++++++*+*++
M1,1,25,XMSLFGDTIAYLLS+++++++++*+
M1,1,29,XMSLFGDTIAYLLSLIE+++++++++*+*
M1,120,145,ESSALLYCLMVMYLNP+++++++*+*
Mad1p,554,572,ELSKAQTTIQLLQE+++++
Mad1p,561,586,TIQLLQEKLEKLTK++++++*+++++
MALT1,365,388,DVYELTNLLRQLDFKV++++++++
MALT1,473,491,TIPILDALKVTA+++++++
MAPKAP kinase 2 (MK2); Mapkapk2,338,369,VKEEMTSALATMRVDY++++++++*+++++++
Mcm3,830,863,EEAELQRRLQLGLRVSP....*...*.*.*....
Menin,30,52,EEPDLVLLSLVLGF++++++*+*
Menin,32,56,PDLVLLSLVLGFVEHF++++++*+*
Menin,33,55,DLVLLSLVLGFVEH++++++*+*
Menin,33,57,DLVLLSLVLGFVEHFL++++++*+*
Menin,37,57,LSLVLGFVEHFLAVNR++*+*
Menin,252,277,DSLELLQLQQKLLWLL++++++++**
Mia1p/Alp7p,450,470,ERQQLIQMSEDLVIAM*+*++
Mia1p/Alp7p,457,482,MSEDLVIAMDQLNLEQ*+*++++*+*
Mia1p/Alp7p,459,482,EDLVIAMDQLNLEQ*+*++++*+*
MIER1,1,21,XMFMFNWFTDCLWT+++++++
MK5,336,362,QLANMRIQDLKVSL*       *   *
MK5,338,361,ANMRIQDLKVSLKPLH*   *  *
MKP-3,161,188,PLPVLGLGGLRISS++++++*++*++++
MKP-7; DUSP16,372,393,EDSPLVQALSGLHLSA*++*+*
MLH1,579,602,PAPLFDLAMLALDS*++*++*+*+
MoKA; Fbxo38,183,203,LKIPIGAKIQTLHLVG*+*++
MoKA; Fbxo38,190,211,KIQTLHLVGVNVPE*+*+++++
MondoA,122,151,IDASLTKLFECMTLAY++*++++++*++++
mPER1,485,514,DIQELSEQIHRLLLQP++++++++*++*+*
mPER2,456,485,SVQELTEQIHRLLMQP........*..*.*
Mps1,176,201,PLEMLEIALRNLNLQK+++++++*+*
Mst1; STK4,357,388,HDDTLPSQLGTMVINA........+++*+*..
Mta; ORFNames=BMLF1,211,235,FDMSLVKPVSKITFVT+++++++**
Mta; ORFNames=BMLF1,223,252,TFVTLPSPLASLTLEP++***++++++***
MTF-1,332,354,TNHSLCLSDLSLLS++*++*+**
MTOR,531,560,LKKDIQDGLLKMLSLVL+++++++++++++
MTOR,535,563,IQDGLLKMLSLVLMHK+++++++++++++
MTOR,536,561,QDGLLKMLSLVLMH++++++++++++
MTOR,541,563,KMLSLVLMHKPLRHPG+++++++
MTOR,971,996,VVQAITFIFKSLGLKC++++++++++
MTOR,1277,1300,KDDWLEWLRRLSLEL+++++++++
NADE; Ngfrap1,86,107,EMREIRRKLRELQLRN*++*++
NANOG,121,146,SLQQMQELSNILNLSY+++*+++*+*
Nap1p,95,126,KLLSLKTLQSELFEVE.**.*..*........
NC2β; DR1,67,98,SPEHVIQALESLGFGS+++++++++++*+*++
NEDD4,293,316,VPTHLAEELNARLTIFG+++++++
NEP,8,33,SFQDILMRMSKMQLGS++++++++++
NEP,27,52,DLNGMVTRFESLKIYR++++++++++
Neurogenin 3,128,155,AHNYIWALTQTLRIAD++++*+++++++
NFE2L2,167,186,DIEQVWEELLSIPE++++++
NFE2L2,177,198,SIPELQCLNIEN++++++++++
NFE2L2,533,558,SLHLLKKQLSTLYLEV++++++++++
NFE2L2,540,560,QLSTLYLEVFSMLR+++++++
Nibrin,649,680,PRKLLLTEFRSLVVSN....**.....*.*..
Nibrin,650,681,RKLLLTEFRSLVVSNH...**.....*.*...
Nmd3,476,507,PRISLAEMLEDLHISQ.*..*...*..*.*..
Nmd3,476,507,PRISLAEMLEDLHISQ.*..*...*..*.*..
Nmd3p,492,519,NIDELLDELDEMTLED++++++++++++
NOA1,213,234,PGPALVLYMVNLLDLPD+++++
NOA1,214,234,GPALVLYMVNLLDLPD+++++
NOA1,220,246,YMVNLLDLPDALLPDL+++++++++++
NPM; NPM1,38,59,NEHQLSLRTVSLGA*+*+++++
NPM; NPM1,83,99,VQPTVSLGGFEITP*++
NPM; NPM1,91,113,GFEITPPVVLRLKC*++*++*+*
N protein,120,143,GEKTTQRDLTELEISS++++++++
Nr1i3,240,265,VHVGFQYEFLELIIHF++++++++++
Nrf2,193,216,SIPELQCLNIEN.......*....
Nrf2,549,580,SLHLLKKQLSTLYLEV....*...*..*.*..
Nrf2,556,581,QLSTLYLEVFSMLR.*..*.*.....
Nrf2; Nfe2l2,541,566,NLHLLKRRLSTLYLEV*++++++++*
Nrf2; Nfe2l2,548,568,RLSTLYLEVFSMLR++++++*
nsP2 (VEE),515,540,VLNQLCVRFFGLDLDS+++++*+*++
NT-PGC-1α,30,50,DLPELDLSELDVND+*++*+*
NURR1,435,457,QDLLFESAFLELFVLR++*++*+
NURR1,435,459,QDLLFESAFLELFVLRL++*++*+*
NURR1,440,462,ESAFLELFVLRLAY++*++*+*+
NURR1,566,589,CTQGLQRIFYLKLED*++*++*+*
N-WASP,218,244,TGFDLNNLDPELKNLF*  *   *  *
N-WASP,221,245,DLNNLDPELKNLFD*  *   *  *
N-WASP,221,248,DLNNLDPELKNLFDMCG*  *   *  *
NXF3,288,307,TFSDTSSNINSILELFP* *
NXF3,292,312,TSSNINSILELFPKLLCL* *
OREBP; NFAT5,1,34,MPSDFISLLSADLDLES+++++++**+++*+*++
ORF45 of KSHV,281,307,QGEVLSQRIGLMDVGQ**+++*+*+++
ORFNames=F10K1.15,168,196,DAADTAGLLEKLTVEE+++++++++++++
ORFNames=UL47,481,508,ERYALSAYLTLFVALAE+++++++++++
ORFNames=UL49,203,232,RLDRMLKSAAIRILVCE+++++++++++++
ORFNames=UL49,204,232,LDRMLKSAAIRILVCE+++++++++++++
P,137,156,NIKILDRSMKTMME++++++
P,141,168,LDRSMKTMMETMKLMM++++++++++++
P,148,179,MMETMKLMMEKVDLLY++++++++++++++++
p100,827,852,DLAGLLEALSDMGLEE**     * *
p120ctn,940,968,GQESLEEELDVLVLDD++++++++*+*++
p21Cip1; CDKN1A,60,83,EGDFAWERVRGLGLPK+++*+*++
p38 (p40),120,143,GEKTTQRDLTELEISS*++*+*++
P53; TP53,336,366,ERFEMFRELNEALELKD+++++++++*+*++
PAK4,81,109,ALTLLLDEFENMSVTR+++*+++*++*+*
PAK4,537,556,NLHKVSPSLKGFLD++++++
PAK4,541,566,VSPSLKGFLDRLLVRD++++++++++
PAK5,393,414,QYISTASYLSSLSLSS*  * *
Pap1,515,546,ESFDIDDLCSKLKNKA++++*++*+++*++++
Pat1b; PATL1,82,107,HEENLAERLSKMVIEN++++*++*+*
PCNA,11,37,ILKKVLEALKDLIN+*+++*++*++*+
PDK-1; Pdpk1,378,403,NYDNLLSQFGFMQVSS+*++*+++++
Pericentrin; PCNT,241,264,AVHGLELEALRLSL+++++++*+*
Pericentrin; PCNT,243,268,HGLELEALRLSLSNMH+++++++*+*
Pericentrin; PCNT,246,268,ELEALRLSLSNMHT++++++*+*
Pericentrin; PCNT,1154,1183,ERGALQDALRRLLGLFG++++++++*+*++
Pericentrin; PCNT,1165,1196,LLGLFGETLRAAVTLRS+*+*++++++++*+*
Pericentrin; PCNT,1536,1559,LREKLDEFNELAIQK++++++*+*
Pericentrin; PCNT,1738,1758,EIEQLHEVIEKLQH+++++++
Pericentrin; PCNT,1741,1768,QLHEVIEKLQHELSLMG++++++++*+*
Pericentrin; PCNT,1745,1769,VIEKLQHELSLMGP++++++++*+*
Pericentrin; PCNT,1745,1773,VIEKLQHELSLMGPVVHE++++++++*+*
PLC-δ1,161,189,NFKELKDFLKELNIQV+*+++*++*+*+*
Pou3f1,363,388,SAHEITGLADSLQLEK++++++++++
PP2A B56α; PPP2R5A,450,480,EREELWKKLEELKLKK+++++++*++*+*++
Ppp3cb,412,428,AIGKMARVFSVLRE+++
PRKD2,156,184,GEMLFGLVRQGLKCDG+++++++++++++
Protein 9b,41,67,KVYPIILRLGSQLSLSM+*+*+++*+*
Protein UL84,222,247,RMAIVRLSLNLFALRI*+*+++++++
Protein UL84,224,249,AIVRLSLNLFALRIIT*+*+++++++
Protein UL84,355,376,SPPDLTLSSLTLYQ*+++++++
P/V/C,72,97,AVRDLEKAMTTLKLWE++++++++++
Rabies virus P protein,45,76,EVDNLPEDMKRLHLDD++++++++++++++++
RanBP1,176,205,HAEKVAEKLEALSVKE++++++*++*+*++
Rassf5,368,389,SIPELQNFLTILEK++++++++
RBCK1,145,163,RERQLRMLEDLGFKD*  *
RelA/Transcription factor p65,432,457,GEGTLSEALLQLQFDD++++*++*++
rev,74,94,QLPPLERLTLDC+++++++++
Rev,101,120,RLSGLDRRIQQLED+++*++
Rev,108,136,RIQQLEDLVRHMSLGS+++*+++*++*+*
Rex Protein,78,108,SMDALSAQLYSSLSLDS+++++++++*+*++
RIP3; RIPK3,251,282,ETPGLEGLKELMQLCW++++*++*++*++*++
RIP3; RIPK3,279,301,CLPKTDEVFQMVEN+++++++++
RIP3; RIPK3,341,372,NDVMVSEWLNKLNLEE+++*++++*++*+*++
RITA,4,30,PVELAVSGMQTLGLQH*       * *
RoXan,277,308,FGPELDTLLDSLSLVQ.......*.*......
Rsp5,683,714,ELELLIGGIAEIDIED...........*.*..
SBP2; SECISBP2,641,674,VDACVTDLLKELVRFQD+++++++++++++++++
SBP2; SECISBP2,644,671,CVTDLLKELVRFQD++++++++++++++
SBP2; SECISBP2,751,779,SYDGAQDQFHKMVELTV++++++++++++
SENP2,317,349,LEPDLSEEVSARLRLGS++++++++++++*+*+
SH2-Bβ,221,238,GERWTHRFERLRLSR* *
Sima,111,142,KASVMRITIAFLKIRE....*+*++++*++..
Sima,113,140,SVMRITIAFLKIRE..*+*++++*++..
Sima,113,140,SVMRITIAFLKIRE..*+*++++*++..
Sima,117,146,ITIAFLKIREMLQFVP*++++*++......
Sima,120,146,AFLKIREMLQFVPSLR++*++......
Sirt1,423,446,DEVDLLIVIGSSLKVRP* *****
SIRT2,37,70,DMDFLRNLFSQTLSLGS....*++**+++*+*..
Smad1,402,425,TVYELTKMCTIRMSF*++*+++++
Smad1,403,425,VYELTKMCTIRMSF*++*+++++
Smad1,405,427,ELTKMCTIRMSFVK*++*+++++
smad4.1,134,157,VSPGIDLSGLTLQS++++++++++
SMARCB1,262,288,VIIKLNIHVGNISLVD+++++++++++
Smurf1,601,628,ELELIIGGLDKIDLND+++++++++*+*
Snail,131,162,GLGQLPKQLARLSVAK.+++++++*++*+...
Spc27,414,441,YINDLEKQINDLQIDK+++++++*+*++
STAT1,193,215,KQEQLLLKKMYLML++*++++++
STAT1,195,219,EQLLLKKMYLMLDNKR++*++++++
STAT1,305,331,TFSLFQQLIQSSFVVER+++**++**+
STAT1,379,397,KFNILGTHTKVMNMEE+++
STAT1,396,427,TNGSLAAEFRHLQLKE++++*+++*++*+*++
STAT3,309,335,IVELFRNLMKSAFVVER++++*+++*+
STAT3,400,426,NNGSLSAEFKHLTLRE++++*++*+++
STAT3,521,545,SIEQLTTLAEKLLG+*++*++++++
Stau2,1,28,XMLQINQMFSVQLSLGE*+++++++*++
Stau2,1,28,XMLQINQMFSVQLSLGE+++++++++++
survivin; BIRC5,85,116,AFLSVKKQFEELTLGE++++*+++*++*+*++
survivin; BIRC5,130,156,KVRRAIEQLAAMDX+++++++++++++
Tax,187,217,PYKRIEELLYKISLTT+++++++++++**++
Tax,194,219,LLYKISLTTGALIILPE+++++**++
Tax,194,218,LLYKISLTTGALIILP+++++**++
Tbx5,142,163,PATGAHWMRQLVSFQK+++*++
Tbx5,149,171,MRQLVSFQKLKLTN+++*++*+*
TCF11; NFE2L1,245,278,GEDQTALSLEECLRLLE......++*+++*++*.
TDP-43,244,260,CGEDLIIKGISVHI***
TDP-43,246,264,EDLIIKGISVHISNAE***
TFIIIA,329,351,PLPVLENLTLKX+++++++*+++
Tgs1 LF,313,333,DHSEILDGISNIKLNS* * *
TIS11; Zfp36,1,31,XXMDLSAIYESLMSMS*+*++*+++*++++*
TIS11; Zfp36,2,29,DLSAIYESLMSMSH.*..*...*....*
TOB1,5,30,IQVALNFIISYLYNKL++++++++++
TOB1,9,30,LNFIISYLYNKLPRRR++++++
Topoisomerase 2-alpha; TOP2A,1014,1041,TVLDILRDFFELRLKY+++++*++*+*+
Topoisomerase 2-alpha; TOP2A,1051,1080,QARFILEKIDGKIIIEN+++++*+++*+++
Topoisomerase 2-alpha; TOP2A,1052,1080,ARFILEKIDGKIIIEN+++++*+++*+++
Topoisomerase II-beta; TOP2B,1035,1065,TVQDILKEFFDLRLSY**+++++++++++++
Trip6,96,123,EIDSLTSMLADLDG....*...*..*..
TRIP-Br2; SERTAD2,229,251,FEITTSTGFLTDLTLDD*++++*
TRIP-Br2; SERTAD2,237,256,FLTDLTLDDILFAD*++++*
Tropomodulin-1; TMOD1,124,149,SDAELCDIAAILGMHT+++++++**+
UL4,165,183,GTAEFLQPTADLLVEV*++
UL4,166,187,TAEFLQPTADLLVEVLR*++*+
UL4,172,197,PTADLLVEVLREIQLSP*++*++*+*
UL4,173,197,TADLLVEVLREIQLSP*++*++*+*
UL47 (HSV-1),645,663,GGSVLGPRVRVVDIMS+++
UL47 (HSV-1),654,679,RVVDIMSQFRKLLMGD++++++++++
USP21,131,159,GTGELGAALSRLALRP+++++++++++++
VEEV Capsid protein,37,68,QVQELTRSMANLTFKQ...........*.*..
VIK-1; ZNF655,95,122,RLERLQEILRKFLY*+++++++++++++
VIK-1; ZNF655,95,128,RLERLQEILRKFLYLER*+++++++++++++*..
VIK-1; ZNF655,98,125,RLQEILRKFLYLER+++++++++++*..
VP19C,338,363,LEPALERLFGRLRITN*++*+++*+*
VP3,29,52,HCREIRIGIAGITITL++++++++
VP3,31,52,REIRIGIAGITITL++++++++
Vpr (HIV-1),56,76,GVEAIIRILQQLLFIH*  **
Vpr (HIV-1),59,79,AIIRILQQLLFIHFRI*  **
vsx1,33,56,RSKGFAITDLLGLES+++++++++
WASL,221,247,TGFDLNNLDPELKNLF+++++++++++
WASL,224,248,DLNNLDPELKNLFD+++++++++++
WASL,224,251,DLNNLDPELKNLFDMCG+++++++++++
WDR42A,35,62,TSSGIEVEASDLSLSL*++++++*+*+*
XAB1/Gpn1,291,320,QLERLRKDMGSVALDA+++++++++++*+*
XBP1,182,205,PLQNISPWILAVLT++++++++++
XBP1,182,211,PLQNISPWILAVLTLQI+++++++++++++
XBP1,187,214,SPWILAVLTLQIQS++++++++++++++
XBP1,190,217,ILAVLTLQIQSLIS++++++++++++++
Xp54; ddx6,146,177,SGAYLIPLLERLDLKK...........*.*..
Xp54; ddx6,150,173,LIPLLERLDLKK.......*.*..
Zinc finger protein RFP; TRIM27,196,227,HEYRLLARLEELDLAI........*++*+*..
ZO-2; TJP2,715,742,RPVVLFGPIADIALEK++++*+++++++
ZO-2; TJP2,724,754,ADIALEKLANELPDLF+++++++++++*+++
Zyxin,316,344,NSPLTMKEVEELELLT+++++++++++++
Zyxin,323,349,EVEELELLTQKLMK+++++++++++++
